email,firstName,company,city,segment,source,website,phone
mgmt@atlantamarietta.com,,Atlanta Area Property and Management Inc,Marietta,hoa,discovery,https://www.atlantaareapropertymanagement.com/,(404) 692-3543
front@tolleycm.com,,Tolley Community Management,Woodstock,hoa,discovery,https://www.tolleycm.com/,(770) 517-1761
fieldstone@fieldstonerp.com,,Fieldstone Association Management,Atlanta,hoa,discovery,https://www.fieldstonerp.com/,(404) 920-8621
customerservice@beaconmanagementservices.com,,Beacon Management Services,Atlanta,hoa,discovery,https://www.beaconmanagementservices.com/,(404) 907-2112
office@aristarpro.com,,Aristar Property Management,Kennesaw,hoa,discovery,http://www.aristarpro.com/,(770) 675-3030
careyj@pmicornerstone.com,,PMI Cornerstone,Kennesaw,hoa,discovery,https://www.mariettacommunitymanagement.com/,(404) 585-0705
reception@psatlanta.com,,"Property Services of Atlanta, Inc",Marietta,hoa,discovery,https://www.psatlanta.com/?tcid=GMB,(770) 426-1150
info@cnarentals.com,,CNA Rentals,Marietta,hoa,discovery,http://cnarentals.com/,(770) 485-5562
customerservice@platinumrentalproperty.com,,Platinum Property Management,Cumming,hoa,discovery,https://www.platinumrentalproperty.com/,(678) 710-8056
hms@hms-inc.net,,Homeowner Management Services Inc.,Alpharetta,hoa,discovery,http://www.hms-inc.net/,(770) 667-0595
support@gcmmgt.com,,"Georgia Community Management, Inc. & GCM Management Group, LLC",Kennesaw,hoa,discovery,http://www.gcmmgt.com/,(770) 554-1236
info@acmga.com,,Action Community Management,Acworth,hoa,discovery,https://www.acmga.com/,(770) 222-5955
info@hoaservicesinc.com,,HOA Services Inc,Hoschton,hoa,discovery,https://www.hoaservicesinc.com/,(706) 654-0055
lturner@silverleafmanagement.com,,"Silverleaf Management Group, LLC",Loganville,hoa,discovery,https://www.silverleafmanagement.com/,(770) 554-3984
info@theiconrealestategroup.com,,Icon Real Estate Group,Dallas,hoa,discovery,http://theiconrealestategroup.com/,(770) 309-0973
info@tritonpropgroup.com,,Triton Property Group,Acworth,hoa,discovery,http://www.tritonpropgroup.com/,(404) 465-3700
office@purpledoorpm.com,,Purple Door Property Management,Woodstock,hoa,discovery,http://www.purpledoorpm.com/,(770) 771-6122
info@go.tiva.properties,,Tiva Properties,Acworth,hoa,discovery,https://tiva.properties/,(478) 210-7444
contact@evolveam.com,,Evolve Association Management,Atlanta,hoa,discovery,http://www.evolveam.com/?utm_source=google&utm_medium=wix_google_business_profile&utm_campaign=9485391233507765886,(770) 430-3011
info@fmsdirect.net,,"Facilities Management Services Group, LLC",Acworth,hoa,discovery,http://fmsdirect.net/,(770) 861-6138
info@sixesmanagement.com,,Sixes Management Group,Woodstock,hoa,discovery,http://www.sixesmanagement.com/,(770) 575-0943
info@dpm-re.com,,"Douglas Property Management, Inc.",Woodstock,hoa,discovery,http://www.dpm-re.com/,(770) 926-3086
kingsgate@sixesmanagement.com,,Kings Gate Hoa,Woodstock,hoa,discovery,http://kingsgatehoa.org/index.php,(770) 726-7362
woodlands@sixesmanagement.com,,The Woodlands,Woodstock,hoa,discovery,https://www.woodlandsliving.com/,(678) 445-2441
ataylor@dpm-re.com,,Deer Run HOA,Woodstock,hoa,discovery,http://www.deerruncommunity.com/,(770) 926-3086
mike@tolleycm.com,,Backyard Realty Group,Woodstock,hoa,discovery,https://www.backyardrealty.com/,(770) 517-1761
president@rohg.org,,River Oaks Homeowners Group logo,Woodstock,hoa,discovery,https://rohg.org/contact/,(770) 479-1813
info@hostpropertymanagement.com,,Host Property Management,Flowery Branch,hoa,discovery,https://www.hostpropertymanagement.com/,(877) 405-4678
hello@pmiga.com,,PMI Georgia,Tyrone,hoa,discovery,https://www.pmigeorgia.com/,(678) 782-1004
info@brianproperties.com,,ResiHome,Atlanta,hoa,discovery,https://resihome.com/,(866) 500-7064
info@dhcpropertymanagement.com,,DHC Property Management,Atlanta,hoa,discovery,http://dhcpropertymanagement.com/,(678) 786-2296
info@therevolutionfirm.com,,Revolution Rental Management Douglasville,Douglasville,hoa,discovery,https://www.revolutionrentalmanagement.com/,(678) 648-1244
management@rentwithheritage.com,,Heritage Home Rentals,Douglasville,hoa,discovery,http://www.rentwithheritage.com/,(678) 540-8650
management@novusrentals.com,,Novus Property Management,Carrollton,hoa,discovery,https://www.novusrentals.com/,(678) 664-1400
info@visionwestgeorgia.com,,Vision Realty & Management,Carrollton,hoa,discovery,http://www.visionwestgeorgia.com/,(770) 836-1178 ext. 1
help@dkrentals.net,,DKRentals Property Management,Roswell,hoa,discovery,http://www.dkrentals.net/,(770) 518-4470
info@sapirrealty.com,,Sapir Realty Property Management Company,Decatur,hoa,discovery,http://sapirrealty.com/,(678) 487-7896
admin@associationmgt.com,,Association Management,Lawrenceville,hoa,discovery,https://associationmgt.com/,(678) 407-1115
board@invernesshoa.org,,Inverness Homeowners Association,Roswell,hoa,discovery,http://invernesshoa.org/,(770) 777-6890
windward@accessmgt.com,,"Windward Community in Alpharetta, Georgia",Alpharetta,hoa,discovery,https://windwardhomesga.com/,(770) 802-8360
apex@mariettalife.com,,The Apex Apartment Community Marietta,Marietta,apartment,discovery,https://www.apexmarietta.com/,(770) 436-7744
belmontplace@pacapts.com,,Belmont Place,Marietta,apartment,discovery,https://www.thebelmontplaceapartments.com/,(678) 274-0550
bettina@hounder.co,,Azalea Springs,Marietta,apartment,discovery,https://www.harborgroupmanagement.com/apartments/ga/marietta/azalea-springs?utm_knock=g,(770) 727-8716
luis.paglia@gmail.com,,Coldwell Banker Realty,Marietta,realtor,discovery,https://www.coldwellbankerhomes.com/ga/marietta/office/marietta-west-cobb/oid_3275/,(770) 429-0600
glennda@glennda.net,,"Glennda Baker & Associates, Inc.",Marietta,realtor,discovery,https://www.glennda.net/,(678) 755-3711
bryan@castleconstruction.com,,Castle Construction LLC,Marietta,contractor,discovery,https://castleconstruction.com/,(770) 504-6010
office@cleverhomellc-gc.com,,Clever Home llc,Marietta,contractor,discovery,http://cleverhomellc-gc.com/,(470) 357-5865
info@greenremodeling.com,,Green Basements & Remodeling,Marietta,contractor,discovery,http://www.greenremodeling.com/,(678) 736-6335
info@peachtreebennett.com,,Companies Estate Sales Marietta,Marietta,estate,discovery,http://www.companiesestatesales.com/,(678) 705-9798
info@signatureestatesalesatlanta.com,,Signature Estate Sales,Roswell,estate,discovery,http://www.signatureestatesalesatlanta.com/,(404) 259-7249
tina@sensingtransitions.com,,Sensing Transitions,Powder Springs,estate,discovery,http://www.sensingtransitions.com/,(404) 867-7676
josh@greenleafmgmt.com,,Johnson Square Office Park,Marietta,office,discovery,https://www.gogreenleafmanagement.com/,(770) 913-3948
work@fireworksfly.com,,FireWorks Coworking,Marietta,office,discovery,https://www.fireworksfly.com/,(770) 206-7077
graceb@windsorcommunities.com,,Elevate West Village Apartments,Smyrna,apartment,discovery,https://www.windsorcommunities.com/properties/elevate-west-village/?utm_campaign=GoogleMyBusiness,(404) 666-8168
info@highcaliberrealty.com,,HIGH CALIBER REALTY,Kennesaw,realtor,discovery,http://www.highcaliberrealty.com/,(770) 405-0445
hello@justinlandisgroup.com,,Justin Landis Group Real Estate,Atlanta,realtor,discovery,http://www.justinlandisgroup.com/,(404) 860-1816
contact@sansoxygen.com,,"Daniel Andrews Realtor, Investor, Probate Expert, Estate sales, Land Agent",Marietta,realtor,discovery,http://www.topgeorgiaagents.com/,(404) 519-8264
connect@fortispm.com,,Fortis Property Management,Atlanta,property_manager,discovery,http://www.fortispm.com/,(678) 741-2835
support@evernest.co,,Evernest Property Management Atlanta,Alpharetta,property_manager,discovery,https://www.atlantapropertymanagement.com/,(678) 710-6110
elly@wiseeremodeling.com,,Wise Remodeling CO LLC,Kennesaw,contractor,discovery,https://wiseeremodeling.com/,(470) 413-2035
info@swifthomerenovations.com,,Swift Home Renovations,Kennesaw,contractor,discovery,https://www.swifthomerenovations.com/,(678) 498-1547
eben@eyebytes.com,,Georgia Interior & Exterior Contractors LLC,Acworth,contractor,discovery,https://georgiainterior.com/,(770) 990-8851
info@bcmlondon.com,,BCM London Inc.,Kennesaw,contractor,discovery,http://www.bcmlondon.com/,(404) 510-2878
admin@brawnerrenovations.com,,Brawner Renovations,Kennesaw,contractor,discovery,http://brawnerrenovations.com/,(770) 280-5251
catanyassis@gmail.com,,Maxi Construction LLC,Kennesaw,contractor,discovery,http://www.maxiconstructionllc.com/,(770) 708-8846
holly@changingspacesatlanta.com,,"ChangingSpaces, LLC",Atlanta,estate,discovery,http://www.changingspacesatlanta.com/,(404) 939-6160
info@onyourmarkmovers.net,,On Your Mark Movers - Marietta Movers,Marietta,estate,discovery,https://onyourmarkmovers.net/,(678) 279-5540
rkurth@stsmoves.com,,"Senior Transition Services, Inc.",Lawrenceville,estate,discovery,http://www.stsmoves.com/,(678) 758-7929
info@georgiahomemovers.com,,Georgia Home Movers,Marietta,estate,discovery,http://www.georgiahomemovers.com/,(404) 536-4545
info@letsgetmovingusa.com,,Let's Get Moving Marietta,Marietta,estate,discovery,https://letsgetmovingusa.com/locations/ga/marietta-movers/?utm_source=GBP&utm_medium=Organic,(404) 480-8094
enquiries@regus.com,,Regus - Atlanta - One Paces West,Atlanta,office,discovery,https://www.regus.com/en/us/3374?utm_source=google_uberall&utm_medium=places&utm_campaign=uberall&utm_content=uberall,(678) 981-4600
info@carespacesuites.com,,CareSpace Medical Co-Working,Atlanta,office,discovery,https://www.carespacesuites.com/,(470) 553-1686
customerservice@peachtreeoffices.com,,Peachtree Offices at West Paces Ferry - 6 ATL Locations,Atlanta,office,discovery,https://www.peachtreeoffices.com/locations/3715-northside-pkwy-atlanta/,(800) 684-5774
info@therbsolutioncenter.com,,The RB Solution Center,Atlanta,office,discovery,http://www.therbsolutioncenter.com/?utm_source=google-gmb-maps&utm_medium=gmb-website-button&utm_campaign=locl.io&utm_content=4ecb17af-2526-4d87-8a48-f5f71b328040,(678) 385-4101
townkennesaw@relatedgroup.com,,Town Kennesaw,Kennesaw,apartment,discovery,http://www.townkennesawapts.com/?utm_knock=gmb,(770) 415-8601
livvy@hrpliving-leasing.com,,Hawthorne at Kennesaw,Kennesaw,apartment,discovery,http://www.hawthorneatkennesawapts.com/?utm_knock=g,(770) 800-0737
gracea@windsorcommunities.com,,Windsor Kennesaw Apartments,Kennesaw,apartment,discovery,https://www.windsorcommunities.com/properties/windsor-kennesaw/?utm_campaign=GoogleMyBusiness,(678) 672-2421
accessibility@apartments247.com,,The Legacy at Walton Kennesaw Mountain (62+),Kennesaw,apartment,discovery,https://www.legacyatwaltonkennesawmountain.com/?y_source=1_OTA5MjIzMTYtNzE1LWxvY2F0aW9uLndlYnNpdGU%3D,(678) 263-7659
kenjonescsr@gmail.com,,Clear Summit Realty,Acworth,realtor,discovery,http://www.clearsummitrealty.com/,(770) 842-4531
nicolefrance@remax.net,,"Nicole France, RE/MAX Center, Acworth Real Estate Agent",Acworth,realtor,discovery,https://nicolefrance-realestate.com/,(404) 867-3869
livelifebeacon@crm-living.com,,The Beacon,Marietta,apartment,discovery,https://www.livelifebeacon.com/,(877) 583-6639
info@propertymanagementinc.com,,PMI Cobb,Marietta,property_manager,discovery,https://www.mariettapropertymanagementinc.net/,(470) 785-3500
aemconstructioninc@gmail.com,,AEM Construction & Restoration,Marietta,contractor,discovery,https://aemconstructionrestoration.com/,(770) 694-6485
info@turnerblair.com,,"Turner Blair Services, LLC.",Kennesaw,contractor,discovery,http://www.turnerblair.com/,(404) 220-7754
competencecontractor@gmail.com,,"Competence Contractor LLC - General Contractor, Bathroom Remodeling & Renovations Services",Marietta,contractor,discovery,https://www.competencecontractor.com/,(404) 426-0747
info@fine.construction,,Fine Construction,Marietta,contractor,discovery,https://fine.construction/,(470) 264-7180
davecoughlin001@gmail.com,,"Professional Estate Sales, LLC",Atlanta,estate,discovery,http://www.professionalestatesale.com/,(770) 648-1919
info@theperfectpieceatlanta.com,,The Perfect Piece Estate Sales,Duluth,estate,discovery,http://www.theperfectpieceatlanta.com/,(770) 614-1411
typesetit@att.net,,Dynasty Estate Sales and Appraisals,Stone Mountain,estate,discovery,https://dynastyestatesalesandappraisals.com/,(813) 523-8222
t.vipondtoa2470@outlook.com,,The Offices at 2470,Marietta,office,discovery,http://www.theofficesat2470.com/,(678) 213-2470
villagedistro@cortland.com,,Cortland at the Village,Smyrna,apartment,discovery,https://cortland.com/apartments/cortland-at-the-village/?utm_source=gmb_site&utm_medium=organic,(423) 497-0966
series@pemresidential.com,,Series at Riverview Landing Apartments,Mableton,apartment,discovery,https://www.seriesrvl.com/?ilm-onlinebusinesslisting&utm_source=gmb&utm_medium=organic,(813) 725-5798
gst31p14_website.email@slopejet.net,,400 Belmont Apartments,Smyrna,apartment,discovery,https://www.400belmont.com/?ilm=obl&utm_source=gmb&utm_medium=organic,(404) 341-5297
atlanticrealestatebrokers@gmail.com,,"Atlantic Real Estate Brokers, LLC",Kennesaw,realtor,discovery,https://atlanticrealestatebrokers.com/,(770) 372-5838
info@sdremodelingatl.com,,S&D Remodeling LLC,Dallas,contractor,discovery,http://sdremodelingatl.com/,(404) 369-2851
info@securemovellc.com,,Secure Move LLC ~ Moving Company & Junk Removal,Acworth,estate,discovery,http://www.securemovellc.com/,(770) 331-7158
eric@wirksmoving.com,,Wirks Moving and Storage - Atlanta Movers,Atlanta,estate,discovery,https://wirksmoving.com/?utm_source=gmb&utm_medium=organic&utm_campaign=listing&utm_content=Atlanta,(470) 275-2988
support@closehack.com,,Maria Making Moves Realty,Acworth,realtor,discovery,https://mariamakingmovesrealty.com/,(678) 283-2038
kristine@jonesgroupproperties.com,,Jones Group Properties,Acworth,realtor,discovery,https://www.jonesgroupproperties.com/,(678) 200-8583
info@hensslerpm.com,,Henssler Property Management,Kennesaw,property_manager,discovery,https://www.hensslerpm.com/,(678) 400-2270
support@rentappeal.com,,"Rent Appeal, Inc.",Roswell,property_manager,discovery,https://www.rentappeal.com/,(404) 901-1170
bobby@artisticconstruction.biz,,Artistic Construction LLC,Woodstock,contractor,discovery,https://www.artisticconstruction.biz/,(678) 613-3424
info@sheddsconstruction.com,,Shedd's Construction,Woodstock,contractor,discovery,https://sheddsconstruction.com/,(706) 461-2956
sierraconstruction2010@gmail.com,,SIERRA CONSTRUCTION AND REMODELING,Woodstock,contractor,discovery,https://www.sierraconstructionremodeling.com/,(404) 337-4791
info@legendaryrenovationsinc.com,,Legendary Custom Homes & Renovations,Woodstock,contractor,discovery,http://legendaryrenovationsinc.com/,(678) 592-6961
allatoonarenovations@hotmail.com,,Allatoona Renovations,Canton,contractor,discovery,https://www.allatoonarenovations.com/,(770) 294-6550
mwayellowbird@gmail.com,,Yellow Bird Estate Sales,Alpharetta,estate,discovery,http://www.yellowbirdestatesales.com/,(404) 372-2944
office@truesp.com,,TRUE Space Kennesaw,Kennesaw,office,discovery,https://www.truevirtualoffice.com/,(770) 726-7097
info@kennesawofficesuites.com,,Kennesaw Office Suites,Kennesaw,office,discovery,https://kennesawofficesuites.com/,(404) 434-9531
news@workatdesktop.com,,Desktop Coworking Community,Kennesaw,office,discovery,http://www.workatdesktop.com/,(770) 485-1114
micah@micahrich.com,,Lakeside Executive Suites,Acworth,office,discovery,https://www.lakesideexecutivesuites.com/,(404) 550-7753
jmckay@steininvest.com,,Kennesaw Business Park,Kennesaw,office,discovery,https://kennesawbusinesspark.com/,(281) 793-3549
info@theinnovationspot.com,,"The Innovation Spot, Coworking Meeting Conference and Office Space",Woodstock,office,discovery,http://theinnovationspot.com/,(770) 262-3668
1237819-23381-123633-1826@guestcardlead.com,,The Knox Apartments,Acworth,apartment,discovery,https://theknoxbellsferry.com/?rcstdid=Mg%3D%3D-YRjTEizZPgM%3D&utm_source=googlemybusiness&utm_medium=organic&utm_campaign=gmblisting,(866) 897-8109
5185@aspensquare.com,,The Everlee,Acworth,apartment,discovery,https://www.aspensquare.com/apartments/georgia/acworth/theeverlee?utm_knock=g&utm_source=google&utm_medium=referral&utm_knock=g,(770) 504-4684
manager@visitgregorylane.com,,Gregory Lane Apartments,Acworth,apartment,discovery,https://www.visitgregorylane.com/?utm_source=GMB&utm_medium=organic,(470) 274-7507
info@callursula.com,,Ursula & Associates,Woodstock,realtor,discovery,https://callursula.com/,(678) 389-3887
info@barrettgc.com,,Barrett General Contractors,Acworth,contractor,discovery,http://www.barrettgc.com/,(678) 398-9432
welldoneremodelhome@gmail.com,,"Well Done Remodel LLC- Top Remodeling Projects: Kitchen, Bathroom Renovation -Basements Remodeler, Home Painting Atlanta GA",Acworth,contractor,discovery,http://welldoneremodel.com/,(770) 369-0528
info@bhawkcontracting.com,,Blackhawk Contracting LLC,Acworth,contractor,discovery,https://bhawkcontracting.com/,(770) 628-5759
support@247propertymanagement.com,,"247 Property Management, LLC",Marietta,property_manager,discovery,http://www.247propertymanagement.com/,(470) 348-0682
thebatterydistro@cortland.com,,Cortland at the Battery Atlanta,Atlanta,apartment,discovery,https://cortland.com/apartments/cortland-at-the-battery-atlanta/?utm_source=gmb_site&utm_medium=organic,(423) 497-0743
info@silverservicega.com,,Silver Service LLC,Columbus,estate,discovery,http://www.silverservicega.com/,(706) 575-6648
office@wrmitchell.com,,"WR Mitchell Contracting, LLC",Woodstock,contractor,discovery,http://www.wrmitchell.com/,(770) 658-0439
mitchell@greensummitcontracting.com,,"Green Summit Contracting, LLC.",Woodstock,contractor,discovery,https://greensummitcontracting.com/?utm_source=Google&utm_medium=organic&utm_campaign=GMB,(470) 982-2945
cartercommunities@gmail.com,,Carter Communities Inc,Woodstock,hoa,discovery,https://www.cartercommunities.com/,(770) 517-7743
info@fgv.5a8.myftpupload.com,,Pillar and Porch Estate Sale Solutions,Canton,estate,discovery,https://pillarandporchestatesales.com/,(678) 591-9059
info@familynestestates.com,,Family Nest Estate Solutions,Woodstock,estate,discovery,https://familynestestates.com/,(678) 503-7767
trgsharedspace@totalretail.com,,TRG SharedSpace,Smyrna,office,discovery,https://www.trgsharedspace.com/,(678) 279-4955
leasing@boxerproperty.com,,Boxer Property : Meridian,Atlanta,office,discovery,https://www.boxerproperty.com/office-space/atlanta/1995-north-park-place?utm_source=google_business_profile&utm_medium=web&utm_campaign=google_map_boxer&utm_term=prospect,(404) 688-7368
info@ventron.net,,Birch Landing Apartments,Austell,apartment,discovery,https://www.birchlanding.com/birch-landing-austell-ga,(470) 748-4995
leads@repli360.com,,The Aubrey Sweetwater,Austell,apartment,discovery,https://www.theaubreysweetwater.com/?utm_medium=organic&utm_source=google&utm_campaign=gbp-website-button,(470) 684-6132
sweetwater@zenrockmgmt.com,,Cielo At Sweetwater Townhomes,Austell,apartment,discovery,https://www.cieloatsweetwatertownhomes.com/,(833) 847-3113
info@metrobrokers.com,,Better Homes and Gardens Real Estate Metro Brokers,Powder Springs,realtor,discovery,https://www.metrobrokers.com/,(404) 843-2500
team@stewartbrokers.com,,Stewart Brokers,Powder Springs,realtor,discovery,http://www.stewartbrokers.com/,(770) 439-9999
kcannon@kerleyfamilyhomes.com,,Old Lost Mountain Estates by Kerley Family Homes,Powder Springs,realtor,discovery,https://www.kerleyfamilyhomes.com/new-homes/powder-springs-ga/old-lost-mountain-estates/,(404) 960-1555
info@ashmanluxuryrealestate.com,,"Ashman Associates, Inc",Roswell,property_manager,discovery,http://www.propertymanagementroswell.com/,(770) 552-1120
info@keyrentalhomes.com,,"Key Locations Property Management, LLC",Alpharetta,property_manager,discovery,http://www.keyrentalhomes.com/,(877) 744-3455
tom@3optionsrealty.com,,3 Options Realty,Roswell,property_manager,discovery,https://www.3optionsrealty.com/,(678) 397-1282
shop@stillconstruction.net,,"Still Construction Company, Inc.",Powder Springs,contractor,discovery,http://www.stillconstruction.net/,(770) 943-5059
gsurrencyt@gormanconstructioninc.com,,GORMAN CONSTRUCTION INC,Powder Springs,contractor,discovery,http://gormanconstructioninc.com/,(770) 439-9400
info@wspaintingremodeling.com,,WS Painting & Remodeling LLC,Powder Springs,contractor,discovery,https://wspaintingremodeling.com/,(470) 419-0922
office@needconstruction.com,,Need Construction,Roswell,contractor,discovery,https://needconstruction.com/,(470) 284-5348
team@latofonts.com,,Walker Construction,Dallas,contractor,discovery,http://walkercontractor.com/,(678) 363-0080
info@1stoprenovationsga.com,,1 Stop Renovations Ga Inc,Union City,contractor,discovery,https://1stoprenovationsga.com/,(470) 374-7158
jondoe@gmail.com,,The Heights at Ridgewalk Apartments,Woodstock,apartment,discovery,http://www.heightsridgewalk.com/?rcstdid=Mg%3D%3D-YRjTEizZPgM%3D,(877) 714-0629
elevatewoodstock@fortispm.com,,Elevate Woodstock,Woodstock,apartment,discovery,https://www.elevatewoodstockapts.com/,(470) 622-5883
heightsam@richmgt.com,,The Heights at Towne Lake,Woodstock,apartment,discovery,https://www.heightsattownelake.com/,(770) 516-5195
bhm40p15_bhwebsite.email@slopejet.net,,Park at Towne Lake Apartment Homes,Woodstock,apartment,discovery,https://livebh.com/apartments/park-at-towne-lake-apartments/?utm_source=gbp&utm_medium=organic&utm_campaign=gbp,(844) 424-7865
federjoseph@fed-manrealestate.com,,"Fed-Man Real Estate, LLC",Dallas,realtor,discovery,http://www.fed-manrealestate.com/,(678) 324-1573
ddaviesrealtor@gmail.com,,"Donna (DJ) Davies, Hometown Realty Brokerage LLC",Dallas,realtor,discovery,http://davies.realtor/,(678) 439-1435
info@atlantapropertymanagementsolutions.com,,Atlanta Property Management Solutions,Atlanta,property_manager,discovery,https://www.atlantapropertymanagementsolutions.com/,(404) 889-8369
atlwlostcreek@drhorton.com,,Lost Creek by D.R. Horton,Dallas,contractor,discovery,https://www.drhorton.com/georgia/atlanta/dallas/lost-creek?utm_source=googlemybusiness&utm_medium=organic&utm_content=210-83&utm_campaign=GMB,(678) 568-4938
atlwhamptonsatriverwood@drhorton.com,,Hamptons at Riverwood by D.R. Horton,Dallas,contractor,discovery,https://www.drhorton.com/georgia/atlanta/dallas/hamptons-at-riverwood?utm_source=googlemybusiness&utm_medium=organic&utm_content=210-132&utm_campaign=GMB,(678) 671-3918
atlwsheffieldhighlands@drhorton.com,,Sheffield Highlands by D.R. Horton,Dallas,contractor,discovery,https://www.drhorton.com/georgia/atlanta/dallas/sheffield-highlands?utm_source=googlemybusiness&utm_medium=organic&utm_content=210-142&utm_campaign=gmb,(770) 404-9186
atlwthompsonridge@drhorton.com,,Thompson Ridge by D.R. Horton,Dallas,contractor,discovery,https://www.drhorton.com/georgia/atlanta/dallas/thompson-ridge?utm_source=googlemybusiness&utm_medium=organic&utm_content=210-122&utm_campaign=GMB,(678) 403-2072
info@lgihomes.com,,LGI Homes - Mount Tabor Pointe,Dallas,contractor,discovery,https://www.lgihomes.com/georgia/atlanta/mount-tabor-pointe,(855) 712-9725
osc@davidsonhomes.com,,Riverwood by Davidson Homes,Dallas,contractor,discovery,https://www.davidsonhomes.com/states/georgia/atlanta-market-area/dallas/riverwood/,(678) 252-5022
kevin@chathamcustomhomes.com,,Chatham Custom Homes,Dallas,contractor,discovery,http://chathamcustomhomes.com/,(678) 699-8081
atlantateam@ryanhomes.com,,Ryan Homes at Serenity 55+,Dallas,contractor,discovery,https://www.ryanhomes.com/new-homes/communities/10222120152575/georgia/dallas/serenity?utm_source=organic&utm_medium=yext&utm_term=powerlistings&utm_campaign=google&utm_content=serenity,(678) 648-6002
michael.r.cotti@gmail.com,,Cotti Construction,Marietta,contractor,discovery,http://cotticonstruction.com/,(404) 907-7953
bella810@assetliving.com,,Bella 810,Smyrna,apartment,discovery,https://www.bella810apts.com/,(770) 615-2150
organizedcleanersga@gmail.com,,Organized Moving LLC,Lilburn,estate,discovery,http://www.organizedmoving.us/,(678) 682-9195
antiquesb@bellsouth.net,,Peter Brandi Estate Sales Outlet,Roswell,estate,discovery,http://peterbrandiestatesales.com/,(770) 552-1899
jpollard@rogedge.com,,Realty ONE Group Edge,Woodstock,realtor,discovery,http://www.realtyonegroupedge.com/,(678) 909-7709
teamleader@kwcherokee.com,,Keller Williams Realty Partners Woodstock,Woodstock,realtor,discovery,https://www.kwcherokee.com/,(678) 494-0644
derek@3optionsrealty.com,,3 Options Realty,Roswell,property_manager,discovery,https://www.3optionsrealty.com/,(678) 397-1282
contact@1spm.net,,#1Source Property Management LLC,Peachtree City,hoa,discovery,https://www.1spm.net/,(470) 635-9494
info@citisidepropertymanagement.com,,Citiside Property Management,Atlanta,property_manager,discovery,http://citisidepropertymanagement.com/,(770) 733-1756
website@specialized247.com,,Specialized Property Management Atlanta,Atlanta,property_manager,discovery,https://specializedpropertymanagementatlanta.com/,(404) 596-8454
admin@greathomesatlanta.com,,GreatHomesATL,Douglasville,realtor,discovery,https://greathomesatlanta.com/,(404) 496-4456
info@shaheedahhill.com,,"Shaheedah Hill & The Hill Team, Georgia Realtor & YouTube Influencer",Douglasville,realtor,discovery,https://www.shaheedahhill.com/,
info@centerlineworks.com,,"Centerline Construction Company, LLC",Canton,contractor,discovery,https://www.centerlineworks.com/,(678) 372-1274
info@goriverstone.com,,Riverstone Homes & Remodeling,Canton,contractor,discovery,https://goriverstone.com/,
homeimprovementmasters@yahoo.com,,Home Improvement Masters,Canton,contractor,discovery,http://www.homeimprovementmasters.net/,(404) 397-8799
info@montagerg.com,,Montage Realty Group,Alpharetta,hoa,discovery,https://montagerg.com/,(470) 545-4781
info@curtinteam.com,,"The Curtin Team | Roswell, GA Real Estate",Roswell,realtor,discovery,http://www.curtinteam.com/,(678) 287-4848
stacey@staceywyattgroup.com,,Stacey Wyatt Real Estate Group,Roswell,realtor,discovery,http://luxuryhomesinmetroatlanta.com/,(770) 296-7564
office@hkatlanta.com,,HK Realty,Roswell,realtor,discovery,http://www.hkatlanta.com/,(404) 720-2965
randmcontracting@yahoo.com,,R & M General Contractors of Bartow County,Cartersville,contractor,discovery,https://rmgeneralcontractorsofbartowcounty.com/,(770) 286-7467
huntwarner@gmail.com,,Affordable Remodeling,Atlanta,contractor,discovery,http://www.affordableremodelingatl.com/?utm_source=google&utm_medium=GMB+organic&utm_campaign=GMB,(404) 531-9292
bradfordcrafted@gmail.com,,Bradford Crafted: Cartersville General Contractor | Licensed Trex Decks & Covered Patios Installer,Cartersville,contractor,discovery,https://bradfordcrafted.com/,(470) 446-1649
marketplacevillage.5962@leads.eliseai.com,,Marketplace Village Apartments,Marietta,apartment,discovery,https://www.marketplacevillageapts.com/?utm_source=google,(470) 450-1214
info@atlantamovingsolutions.com,,Atlanta Moving Solutions,Kennesaw,estate,discovery,https://www.atlantamovingsolutions.com/movers/kennesaw-ga/?utm_source=google&utm_medium=organic&utm_campaign=KennesawGMB,(770) 288-0894
cpsprestigeconstruction@gmail.com,,CPS Prestige Construction LLC,Acworth,contractor,discovery,https://www.cpsremodeling.com/,(404) 542-8325
contactus@argrealty360.com,,ARG Realty 360,Roswell,property_manager,discovery,https://www.argrealty360.com/,(866) 919-5253
korey@ducereconstruction.com,,Ducere Construction Services,Austell,contractor,discovery,http://ducereconstruction.com/,(404) 565-0631
sales@allweatherrenovations.com,,All Weather Renovations,Douglasville,contractor,discovery,https://allweatherrenovations.com/?utm_source=GMBlisting&utm_medium=organic,(678) 540-7094
atlwoakleighglen@drhorton.com,,Oakleigh Glen by D.R. Horton,Dallas,contractor,discovery,https://www.drhorton.com/georgia/atlanta/dallas/oakleigh-glen?utm_source=googlemybusiness&utm_medium=organic&utm_content=210-134&utm_campaign=GMB,(678) 820-6944
morganslanding-g@m.knck.io,,Morgan's Landing Apartments,Sandy Springs,apartment,discovery,https://gscapts.com/apartments/georgia/morgans-landing/?state_page=true&y_source=1_MTUyOTEzMjEtNzE1LWxvY2F0aW9uLndlYnNpdGU%3D,(470) 928-5064
leasing@invitationhomes.com,,Invitation Homes,Sandy Springs,apartment,discovery,https://www.invitationhomes.com/markets/houses-for-rent/atlanta-georgia,(770) 442-3372
taylorhomeconstruction@gmail.com,,Taylor Construction,Canton,contractor,discovery,http://taylor-construction.com/,(404) 805-4965
miles@ridgelinerandc.com,,Ridgeline Roofing & Construction,Canton,contractor,discovery,https://www.ridgelinerandc.com/,(678) 880-6187
info@infinitiroofingga.com,,"Infiniti Roofing & Remodeling, LLC",Canton,contractor,discovery,https://infinitiroofingga.com/,(770) 720-1160
info@bestassociationmanagement.com,,Association Management LLC,St. Simons Island,hoa,discovery,http://www.bestassociationmanagement.com/,(912) 638-4590
allatlantarealty@gmail.com,,All Atlanta Realty,Marietta,realtor,discovery,http://www.allatlantarealty.com/,(770) 971-4400
allgoodgeneral@gmail.com,,AllGood General Contractors LLC,Marietta,contractor,discovery,http://www.allgoodcontractingservices.com/,(404) 717-4547
graham@3optionsrealty.com,,3 Options Realty,Roswell,property_manager,discovery,https://www.3optionsrealty.com/,(678) 397-1282
webmaster@atlantaconstructionga.com,,"Atlanta Construction Enterprises, Inc.",Powder Springs,contractor,discovery,http://www.atlantaconstructionga.com/,(770) 795-0072
info@indiantypefoundry.com,,Granville Property Management,Atlanta,apartment,discovery,http://granvillemanagement.net/,(404) 353-8505
hello@apexsouthernhomes.com,,Apex Southern Homes,Canton,contractor,discovery,https://apexsouthernhomes.com/,(770) 535-1555
eaglebuiltconstruction@gmail.com,,Eagle Built Construction And Remodeling,Marietta,contractor,discovery,https://eaglebuilt.net/,(470) 479-2596
martyethomas@rwsco.com,,R W Smith Co,Marietta,contractor,discovery,https://rwsmithcompany.com/,(770) 955-0412
work@minbrowork.com,,Minbro - Marietta Office Space,Marietta,office,discovery,https://minbrowork.com/,(770) 230-4000
jennifer@3optionsrealty.com,,3 Options Realty,Roswell,property_manager,discovery,https://www.3optionsrealty.com/,(678) 397-1282
krackley@vintageconstructors.com,,Vintage Constructors & Builders Inc,Powder Springs,contractor,discovery,http://vintageconstructors.com/,(770) 421-6195
contact@gdhomeremodelingllc.com,,G & D Home Remodeling LLC,Canton,contractor,discovery,https://gdhomeremodelingllc.com/,(786) 656-5408
sraclosings@gmail.com,,Select Realty Advisors,Kennesaw,realtor,discovery,https://www.srageorgia.com/,(770) 917-8889
shiloh@camdenliving.com,,Camden Shiloh Apartments,Kennesaw,apartment,discovery,https://www.camdenliving.com/apartments/kennesaw-ga/camden-shiloh?utm_source=google&utm_medium=gmb&utm_campaign=camden-shiloh&y_source=1_MTE2Nzc0MjMtNzE1LWxvY2F0aW9uLndlYnNpdGU%3D,(770) 796-3588
tom@townrg.com,,Townsend Realty Group | Keller Williams,Woodstock,realtor,discovery,https://www.townrg.com/?utm_source=gbp&utm_medium=organic&utm_campaign=profile,(770) 280-4560
templeton@kw.com,,Templeton Real Estate Group,Dallas,realtor,discovery,https://tregdfw.com/,(972) 677-3991
atlwauroracreek@drhorton.com,,Aurora Creek by D.R. Horton,Dallas,contractor,discovery,https://www.drhorton.com/georgia/atlanta/dallas/aurora-creek?utm_source=googlemybusiness&utm_medium=organic&utm_content=210-124&utm_campaign=GMB,(678) 403-2498
general@grahamcommercial.org,,Graham Commercial Contractors,Cartersville,contractor,discovery,http://www.grahamcommercial.org/,(770) 382-9565
jennifer.hudlin@avisonyoung.com,,Governor's Ridge,Marietta,office,discovery,http://www.govridge.com/,(404) 255-0815
vargasgeneralconstruction1@gmail.com,,Vargas General Construction LLC,Dallas,contractor,discovery,https://vargasgeneralconstructionllc.com/,(678) 608-9600
justin@meltyard.com,,Marietta Melt Yard,Marietta,office,discovery,http://www.meltyard.com/,(678) 403-2702
info@mariettaproper.com,,Marietta Proper,Marietta,office,discovery,https://www.mariettaproper.com/,(678) 744-2882
kioscorestaurants@gmail.com,,Kiosco Marietta Square,Marietta,office,discovery,https://kioscomariettasquare.com/,(770) 485-5683
info@stockyardburger.com,,Stockyard Burgers and Bones,Marietta,office,discovery,http://www.stockyardburger.com/,(678) 503-2760
info@1885grill.com,,1885 Grill- Kennesaw,Kennesaw,office,discovery,https://1885grill.com/welcome-kennesaw,(770) 672-7794
owners@berniessocialbar.com,,Bernie's Social Bar,Kennesaw,office,discovery,http://berniessocialbar.com/,(770) 627-2297
admin@livingintown.com,,Livingintown Property Management,Atlanta,property_manager,discovery,https://www.livingintown.com/,(404) 607-7070
info@brownthrashermovers.com,,Brown Thrasher Movers,Alpharetta,estate,discovery,https://brownthrashermovers.com/?utm_source=gmb&utm_medium=organic&utm_campaign=atlanta_listing,(706) 908-4815
steve@ivyleaguemovers.com,,Ivy League Moving Services,Peachtree Corners,estate,discovery,http://www.ivyleaguemovers.com/,(770) 888-7716
homemoversal@gmail.com,,Home Movers,Alpharetta,estate,discovery,https://alhomemovers.com/movers-atlanta-ga/,(770) 525-7088
info0106@twomen.com,,Two Men and a Truck Moving,Atlanta,estate,discovery,https://twomenandatruck.com/movers/ga/atlanta/sandy-springs?utm_source=google&utm_medium=organic&utm_campaign=gmb,(470) 523-4434
info@nobelrelo.com,,Nobel Relocation International Movers & Storage Atlanta,Norcross,estate,discovery,https://www.nobelrelocation.com/,(404) 266-3220
amsprivacypolicy@allmysons.com,,All My Sons Moving & Storage,Roswell,estate,discovery,https://www.allmysons.com/georgia/atlanta/roswell/?utm_source=GMBlisting&utm_medium=organic&phone=770-637-7390,(770) 637-7390
marketwithab113@gmail.com,,Market with a B.,Marietta,office,discovery,http://www.marketwithab.com/,
hello@shoptherusticmarket.com,,The Rustic Market Marietta,Marietta,office,discovery,https://www.shoptherusticmarket.com/,(678) 403-8808
shoptilyoudropmarietta@gmail.com,,Shop 'Til You Drop,Marietta,office,discovery,https://www.shoptilyoudropmarietta.com/,(678) 327-8245
patientrelations@southeastmedicalgroup.com,,North Atlanta Primary Care Marietta,Marietta,office,discovery,https://mysemg.com/location/north-atlanta/primary-care-at-marietta,(770) 615-1350
mariettaclinic@yahoo.com,,Marietta Medical Clinic,Marietta,office,discovery,http://www.mariettamedicalclinic.com/,(770) 955-1814
wellstarhealthsystemfinancialcounselingcopy1@wellstarhealthsystem.onmicrosoft.com,,Wellstar Primary Care,Marietta,office,discovery,https://www.wellstar.org/locations/medical-practice/primary-care-marietta-780-church-street-suite-1105?utm_medium=listing&utm_source=google&utm_content=Wellstar_Primary_Care,(770) 427-4682
thenest@americancampus.com,,The Nest,Kennesaw,apartment,discovery,https://www.americancampus.com/student-apartments/ga/kennesaw/the-nest,(678) 401-4617
bixby@peakmade.com,,Bixby Kennesaw,Kennesaw,apartment,discovery,https://www.liveatbixby.com/?utm_source=gmb&utm_medium=organic&utm_campaign=gmb_listing&hyly_channel=pr&hyly_method=w,(678) 394-0168
hello@hunthometeam.com,,Hunt Home Team,Smyrna,realtor,discovery,https://www.hunthometeam.com/contact/,(678) 517-5888
chad@totalatlantagroup.com,,Total Atlanta Group at Keller Williams Cityside,Smyrna,realtor,discovery,https://www.totalatlantagroup.com/,(678) 570-8123
info@platinumrealestate.com,,Platinum Real Estate,Atlanta,realtor,discovery,http://platinumrealestate.com/,(404) 559-0332
amabry@realtracs.com,,Mabry Realty,Smyrna,realtor,discovery,https://www.mabryrealtyllc.com/,(615) 462-5380
csrga@bluebuiltroofs.com,,BlueBuilt Roofing & Siding,Marietta,contractor,discovery,http://bluebuiltroofs.com/?local=true,(770) 370-7663
bthomason74@gmail.com,,Mr. Roofer,Marietta,contractor,discovery,https://www.mrrooferatlanta.com/roofing-company-marietta/,(770) 270-3855
classicroofing@yahoo.com,,"Classic Roofing & Gutters, LLC",Marietta,contractor,discovery,http://classicroofing.com/,(770) 424-2010
marietta@modernroofingusa.com,,Modern Roofing,Marietta,contractor,discovery,http://modernroofingusa.com/locations/roofer-marietta-ga/,(470) 922-6253
info@summitroofingga.com,,Summit Roofing,Marietta,contractor,discovery,https://www.summitroofingga.com/?utm_source=gmb&utm_medium=organic&utm_campaign=organic,(770) 545-5244
info@theroofgallery.com,,The Roof Gallery,Marietta,contractor,discovery,https://theroofgallery.com/?utm_source=google&utm_medium=organic&utm_campaign=gmb-primary-link,(844) 902-7663
sushil.kumar@swissdigitech.com,,Roswell Complete Dentistry,Roswell,office,discovery,http://www.roswellcompletedentistry.com/,(404) 595-1840
hi@roswellds.com,,Roswell Dental Studio,Roswell,office,discovery,http://www.roswellds.com/,(770) 998-1466
info@trucaredentistry.com,,TruCare Dentistry Roswell,Roswell,office,discovery,https://www.trucaredentistry.com/,(678) 321-7575
reception@roswellmilldentistry.com,,Roswell Mill Dentistry,Roswell,office,discovery,http://www.roswellmilldentistry.com/,(770) 248-9215
banberry@assetliving.com,,Banberry Apartments [55+],Marietta,apartment,discovery,https://www.banberryapts.com/?utm_knock=g,(470) 646-5539
info@azurebrokerage.com,,Azure Realty,Sandy Springs,realtor,discovery,http://www.azurebrokerage.com/,(678) 329-9992
alan.weng@goodshepherdrealty.com,,"Good Shepherd Realty, LLC",Atlanta,realtor,discovery,http://www.goodshepherdrealty.com/,(678) 216-7011
contact@heritageproperty.com,,Heritage Property Management Services,Atlanta,property_manager,discovery,https://www.heritageproperty.com/,(770) 451-8171
floors2012@gmail.com,,B Hardwood Flooring Inc,Marietta,contractor,discovery,http://bhardwoodflooring.com/,(404) 513-7079
customercare@mrhardwoodinc.com,,Mr. Hardwood Inc. - Marietta,Marietta,contractor,discovery,https://mrhardwoodinc.com/,(678) 217-5800
contact@dcastroflooring.com,,D’Castro Flooring,Marietta,contractor,discovery,https://dcastroflooring.com/,(678) 558-9469
info@crunchmarietta.com,,Crunch Fitness - Marietta,Marietta,office,discovery,https://www.crunch.com/locations/marietta,(770) 264-1216
workout-anytime-marietta@email.gymsales.net,,Workout Anytime Marietta,Marietta,office,discovery,https://workoutanytime.com/location/marietta/,(678) 355-5530
info@crunchwestcobb.com,,Crunch Fitness - West Cobb,Marietta,office,discovery,https://www.crunch.com/locations/west-cobb,(770) 746-4675
info@inspireeastcobb.com,,Inspire Fitness & Wellness,Marietta,office,discovery,http://inspireeastcobb.com/,(470) 460-6670
info@cruncheastcobb.com,,Crunch Fitness - East Cobb,Marietta,office,discovery,https://www.crunch.com/locations/east-cobb,(770) 215-2280
eastcobb@justfitness4u.com,,Just Fitness 24/7 Marietta,Marietta,office,discovery,http://www.justfitness4u.com/,(770) 565-6330
requiredfitnessgym@gmail.com,,Required Fitness,Marietta,office,discovery,https://www.requiredfitness247.com/,(770) 429-7878
info@fitnessmarietta.biz,,Fitness Marietta,Marietta,office,discovery,https://fitnessmarietta.biz/?utm_campaign=gmb,(708) 509-7884
kasie@hotworx.net,,"HOTWORX - Marietta, GA - Marietta Square",Marietta,office,discovery,https://www.hotworx.net/studio/marietta-mariettasquare?utm_source=google&utm_medium=organic&utm_campaign=gbp,(678) 383-6579
be-more@treigned.com,,Treigned,Marietta,office,discovery,https://www.treigned.com/,(470) 236-6732
centennialparkwestcondo@gmail.com,,Centennial Park West Condos,Atlanta,apartment,discovery,https://centenialparkwest.com/wp/,
info@sovereignbuckhead.com,,Sovereign Condominiums Association,Atlanta,apartment,discovery,http://www.sovereignbuckhead.com/,(404) 266-3344
rosanne@rootsatlanta.com,,Roots Real Estate,Atlanta,realtor,discovery,https://rootsatlanta.com/?utm_source=gbp&utm_medium=organic,(404) 267-1995
hello@remodelrepublic.com,,"Remodel Republic - Roswell - Kitchen & Bathroom Remodeling, and Appliance Store",Roswell,contractor,discovery,https://www.remodelrepublic.com/,(678) 395-7060
info@theuniqhouse.com,,"The UniqHouse Kitchen Remodeling, Bathroom Remodeling and Kitchen Cabinets",Roswell,contractor,discovery,https://theuniqhouse.com/?utm_source=google&utm_medium=organic&utm_campaign=gbp&utm_content=website_click,(678) 218-1993
yfahmane@indesignkitchenandbath.com,,InDesign Kitchen and Bath Remodeling,Johns Creek,contractor,discovery,http://indesignkitchenandbath.com/,(678) 607-2935
contacts@lrenovations.com,,Limitless Renovations Statewide,Douglasville,contractor,discovery,https://www.limitlessrenovations.com/,(404) 369-0098
info@atlantaintercontinental.com,,AIR Kitchen & Bath Center (Atlanta Intercontinental LLC),Johns Creek,contractor,discovery,https://airkitchenandbath.com/?UTM_source=GMB_listing&UTM_medium=organic,(470) 805-5522
osborne-hills-apartments@rent.dynasty.com,,Osborne Hills,Marietta,apartment,discovery,https://www.osbornehills.com/,(770) 746-6498
rlmatosc@gmail.com,,Leoysa Home Improvements LLC,Dallas,contractor,discovery,http://leoysahomeimprovements.com/,(770) 364-9251
info@totalmovingsolutionsinc.com,,TotalMovingSolutionsInc,Kennesaw,estate,discovery,https://www.totalmovingsolutionsinc.com/,
craig.kalinowski@nmrk.com,,2727 Paces West,Atlanta,office,discovery,https://2727paceswest.com/,(770) 805-0706
nick@mariettacre.com,,Cumberland & Worthy,Atlanta,office,discovery,https://www.mariettacre.com/,(404) 441-7896
todd@lemoinecontracting.com,,TLT Contracting,Woodstock,contractor,discovery,https://www.tltcontractor.com/,(770) 652-7306
meghan@leadhg.com,,Hamp & Harry's,Marietta,office,discovery,https://www.hampandharrys.com/,(770) 872-0977
chloe@macschophouse.com,,Gianni & Mac's Ristorante,Marietta,office,discovery,https://www.gianniandmacs.com/,(770) 746-3144
debbie@clickready.com,,Mac's Chop House,Marietta,office,discovery,http://macschophouse.com/,(770) 238-1202
riverevents@raysrestaurants.com,,Ray's on the River,Sandy Springs,office,discovery,https://raysontheriver.com/,(770) 955-1187
info@falconpropertymanagement.biz,,Falcon Property Management,Peachtree City,hoa,discovery,http://www.falcon-property-management.com/,(770) 487-6672
embop.manager@gmail.com,,"E.M. Bop Korean BBQ | Kennesaw, GA",Kennesaw,office,discovery,http://embop.com/,(470) 484-8864
massimoandreozzi@ilvesuviopizzeria.com,,Vesuvio Pizzeria Napoletana Kennesaw,Kennesaw,office,discovery,http://vesuviokennesaw.net/,(770) 702-8168
service@rathomasrealty.com,,R. A. Thomas Realty,Atlanta,property_manager,discovery,https://www.rathomasrealty.com/,(404) 480-5089
info@topdogmovingatl.com,,Top Dog Moving,Alpharetta,estate,discovery,https://www.topdogmovingatl.com/,(404) 282-5314
marietta@apricotlaneusa.com,,Apricot Lane Boutique,Marietta,office,discovery,https://apricotlaneboutique.com/store/marietta/,(770) 672-6649
mariettafamilymedicine@gmail.com,,Marietta Family Medicine at Roswell,Marietta,office,discovery,https://mariettafamilymed.com/,(678) 741-7185
sales@austinpatrick.com,,Austin Patrick & Associates LLC,Canton,hoa,discovery,http://www.austinpatrick.com/,(770) 592-9699
parliament@americancampus.com,,Parliament,Marietta,apartment,discovery,https://www.americancampus.com/student-apartments/ga/kennesaw/parliament,(770) 422-2334
14sixtyfive.531424@leads.eliseai.com,,14 SixtyFive,Kennesaw,apartment,discovery,https://www.14sixtyfive.com/?switch_cls[id]=68820,(844) 524-3715
supremeroofingga@gmail.com,,Supreme Roofing Marietta GA,Marietta,contractor,discovery,https://www.supremeroofingmariettaga.com/,(678) 968-5061
info@impactsidingandroofing.com,,Impact Siding and Roofing,Marietta,contractor,discovery,http://impactsidingandroofing.com/,(678) 557-3433
contact@foxcroftcondosga.com,,Foxcroft Condominiums Association Inc,Sandy Springs,hoa,discovery,https://foxcroftcondosga.com/,(770) 391-9882
klrw156@kw.com,,Keller Williams Realty First Atlanta,Atlanta,realtor,discovery,https://www.kwsandysprings.com/,(404) 531-5700
info@arnold-flooring.com,,Arnold Flooring,Marietta,contractor,discovery,https://www.arnold-flooring.com/,(770) 415-1500
premiumflooringservices@gamil.com,,PREMIUM PRESTIGE FLOORING,Marietta,contractor,discovery,https://www.premiumprestigeflooring.com/,(678) 521-4696
josh@atlantafloorstore.com,,Atlanta Floor Store,Atlanta,contractor,discovery,https://www.atlantafloorstore.com/,(404) 800-6698
info@crunchkennesaw.com,,Crunch Fitness - Kennesaw,Kennesaw,office,discovery,https://www.crunch.com/locations/kennesaw,(678) 968-1260
svsosin@revpartners.io,,Windy Hill Athletic Club,Atlanta,office,discovery,https://www.midtown.com/locations/atlanta/?utm_source=google&utm_medium=organic&utm_campaign=gbp,(770) 746-0214
ttumbleson@nexus1201.com,,Nexus Atlanta,Atlanta,office,discovery,https://www.nexusofficesuites.com/,(404) 282-0699
600@tkosuites.com,,TKO Suites of Midtown Atlanta,Atlanta,office,discovery,https://www.tkosuites.com/location/atlanta,(833) 410-3195
info@serendipitylabs.com,,Serendipity Labs - Buckhead Atlanta,Atlanta,office,discovery,https://serendipitylabs.com/us/ga/atlanta-buckhead/?utm_source=google&utm_medium=organic&utm_campaign=gmb,(706) 608-9995
ascendcarlton@liverangewater.com,,Ascend at Carlton,Douglasville,apartment,discovery,https://ascendatcarlton.com/,(470) 291-5560
sylvanmgr@elmingtonliving.com,,Sylvan Tributary,Douglasville,apartment,discovery,https://www.sylvantributary.com/,(678) 680-8588
sweetwatervista-w@m.knck.io,,Sweetwater Vista,Douglasville,apartment,discovery,https://www.sweetwatervistaapts.com/?utm_source=GBPUpdatesSweetwatervistaDouglasville&utm_medium=organic,(678) 264-3104
georgialistingagent@gmail.com,,"Stephanie McCarty, Canton Realtor®",Canton,realtor,discovery,https://canton-realtor.com/,(404) 457-8089
concierge@erasunriserealty.com,,"ERA Sunrise Realty, Inc.",Canton,realtor,discovery,https://erasunriserealty.com/,(770) 720-1515
jamesbagwell@windstream.net,,First Cherokee Realty Inc,Canton,realtor,discovery,http://www.firstcherokeerealty.net/,(770) 479-2167
info.awfd@gmail.com,,Atlanta Water Fire Damage,Marietta,contractor,discovery,https://www.atlantawaterfiredamage.com/,(678) 890-2770
info@floodprowaterdamagerestoration.com,,FloodPro Water Damage Restoration,Marietta,contractor,discovery,https://floodprowaterdamagerestoration.com/,(678) 606-2937
puroclean@brightpinkagency.com,,PuroClean of East Cobb,Marietta,contractor,discovery,https://www.puroclean.com/marietta-ga-puroclean-east-cobb,(770) 627-0900
info@meridianga.com,,Meridian Restoration,Marietta,contractor,discovery,http://www.meridianga.com/,(678) 546-2819
sales@shopdressup.com,,Dress Up Woodstock,Woodstock,office,discovery,http://shopdressup.com/,(678) 445-6300
info@shopfashioncupcake.com,,Fashion Cupcake,Woodstock,office,discovery,http://www.shopfashioncupcake.com/,(770) 891-8180
bhm40p08_bhwebsite.email@slopejet.net,,Willeo Creek,Roswell,apartment,discovery,https://livebh.com/apartments/willeo-creek-at-roswell,(770) 641-1552
woodcreekapts-g@m.knck.io,,Wood Creek at Roswell Apartments,Roswell,apartment,discovery,https://gscapts.com/apartments/georgia/wood-creek-at-roswell/?state_page=true&y_source=1_MTUyOTEzMzQtNzE1LWxvY2F0aW9uLndlYnNpdGU%3D,(470) 613-9972
enclaveatroswellga-w@m.knck.io,,Enclave at Roswell,Roswell,apartment,discovery,https://www.enclaveatroswell.com/?utm_knock=gmb,(470) 684-6062
sales@precisioncustomhomebuilders.com,,Precision Custom Home Builders - Main Office,Canton,contractor,discovery,http://www.precisioncustomhomebuilders.com/,(770) 720-2052
john.doe@lennar.com,,Lennar at Forrest Crossing,Woodstock,contractor,discovery,https://www.lennar.com/new-homes/georgia/atlanta/woodstock/forrest-crossing/?utm_source=gmb&utm_medium=social-organic&utm_campaign=atllen_social-organic_gmb_Forrestcrossing,(404) 931-7462
gaonlinesales@tollbrothers.com,,Holly Farm,Woodstock,contractor,discovery,https://www.tollbrothers.com/luxury-homes-for-sale/Georgia/Holly-Farm?utm_source=Yext&utm_medium=Local+Listings&utm_campaign=Yext+Community+Local+Listings&utm_content=Community+Link&y_source=1_ODI4NTk1NjYtNzE1LWxvY2F0aW9uLndlYnNpdGU%3D,(470) 682-1200
info@piedmontresidential.com,,Piedmont Residential,Woodstock,contractor,discovery,http://www.piedmontresidential.com/,(678) 977-2200
auntieshouseatl@yahoo.com,,Aunties House Kitchen and Bar,Smyrna,office,discovery,http://auntieshouseatlanta.com/,(770) 405-8400
thebreakers@cfl.rr.com,,The Breakers Ocean Front Restaurant & Bar,New Smyrna Beach,office,discovery,http://breakersnsb.com/,(386) 428-2019
astrangolgalli@yahoo.com,,Mezza Luna Pasta and Seafood,Smyrna,office,discovery,https://smyrna.mezzalunaga.com/,(770) 824-9659
info@mygetfruity.com,,Get Fruity Cafe Smryna,Smyrna,office,discovery,https://mygetfruity.com/,
phillip@hooklineschooner.com,,Hook Line & Schooner,Smyrna,office,discovery,https://www.hooklineschooner.com/,(770) 333-3338
residencesvinings@greystar.com,,The Residences at Vinings Mountain,Atlanta,apartment,discovery,https://liveatviningsmountain.com/?http://www.liveatviningsmountain.com/?rccustomid=NjE3NDE%3D-7xqYzT4%2FvUM%3D&utm_source=gmb&utm_medium=organic,(833) 417-1583
parkatvinings-w@m.knck.io,,Park at Vinings,Smyrna,apartment,discovery,https://www.theparkatvinings.com/?utm_knock=gmb,(770) 766-8514
allproatl.ptg@gmail.com,,All Pro Atlanta Decks and Fences,Buford,contractor,discovery,https://www.allproatlanta.com/,(678) 330-6021
decksbyhomespecialists@gmail.com,,Decks! by Home Specialists,Marietta,contractor,discovery,http://decksbyhomespecialist.com/,(404) 859-8642
